{
  "safe_divide": {
    "function_name": "safe_divide",
    "execution_time": 0.0020918846130371094,
    "memory_usage_mb": -57.099822998046875,
    "peak_memory_mb": -57.09952926635742,
    "iterations": 10000,
    "timestamp": 1758384284.195913,
    "success": true,
    "error_message": null
  },
  "safe_divide_zero": {
    "function_name": "safe_divide_zero",
    "execution_time": 0.0008401870727539062,
    "memory_usage_mb": -58.49732208251953,
    "peak_memory_mb": -58.49702835083008,
    "iterations": 5000,
    "timestamp": 1758384284.2581708,
    "success": true,
    "error_message": null
  },
  "validate_dataframe_schema": {
    "function_name": "validate_dataframe_schema",
    "execution_time": 0.0031249523162841797,
    "memory_usage_mb": -58.52857208251953,
    "peak_memory_mb": -58.51783752441406,
    "iterations": 1000,
    "timestamp": 1758384284.27619,
    "success": true,
    "error_message": null
  },
  "assess_data_quality": {
    "function_name": "assess_data_quality",
    "execution_time": 1.0383949279785156,
    "memory_usage_mb": -57.16447353363037,
    "peak_memory_mb": -57.15026092529297,
    "iterations": 100,
    "timestamp": 1758384284.51885,
    "success": true,
    "error_message": null
  },
  "get_dataframe_info": {
    "function_name": "get_dataframe_info",
    "execution_time": 0.009118080139160156,
    "memory_usage_mb": -61.24008560180664,
    "peak_memory_mb": -61.24006271362305,
    "iterations": 500,
    "timestamp": 1758384285.583426,
    "success": true,
    "error_message": null
  },
  "validation_thresholds_creation": {
    "function_name": "validation_thresholds_creation",
    "execution_time": 0.011551380157470703,
    "memory_usage_mb": -62.497063636779785,
    "peak_memory_mb": -62.49692630767822,
    "iterations": 10000,
    "timestamp": 1758384285.6142888,
    "success": true,
    "error_message": null
  },
  "parallel_config_creation": {
    "function_name": "parallel_config_creation",
    "execution_time": 0.008706808090209961,
    "memory_usage_mb": -62.4970645904541,
    "peak_memory_mb": -62.49693489074707,
    "iterations": 10000,
    "timestamp": 1758384285.647928,
    "success": true,
    "error_message": null
  },
  "pipeline_config_creation": {
    "function_name": "pipeline_config_creation",
    "execution_time": 0.0022978782653808594,
    "memory_usage_mb": -62.496917724609375,
    "peak_memory_mb": -62.496604919433594,
    "iterations": 1000,
    "timestamp": 1758384285.675183,
    "success": true,
    "error_message": null
  },
  "bronze_step_creation": {
    "function_name": "bronze_step_creation",
    "execution_time": 0.00479888916015625,
    "memory_usage_mb": -62.496747970581055,
    "peak_memory_mb": -62.49661064147949,
    "iterations": 5000,
    "timestamp": 1758384285.695553,
    "success": true,
    "error_message": null
  },
  "silver_step_creation": {
    "function_name": "silver_step_creation",
    "execution_time": 0.008732318878173828,
    "memory_usage_mb": -62.49659442901611,
    "peak_memory_mb": -62.49640369415283,
    "iterations": 2000,
    "timestamp": 1758384285.7183628,
    "success": true,
    "error_message": null
  },
  "gold_step_creation": {
    "function_name": "gold_step_creation",
    "execution_time": 0.003050088882446289,
    "memory_usage_mb": -62.49648857116699,
    "peak_memory_mb": -62.49629783630371,
    "iterations": 2000,
    "timestamp": 1758384285.746021,
    "success": true,
    "error_message": null
  },
  "model_to_dict": {
    "function_name": "model_to_dict",
    "execution_time": 0.0020427703857421875,
    "memory_usage_mb": -62.49662399291992,
    "peak_memory_mb": -62.49642562866211,
    "iterations": 1000,
    "timestamp": 1758384285.766446,
    "success": true,
    "error_message": null
  },
  "model_to_json": {
    "function_name": "model_to_json",
    "execution_time": 0.06441998481750488,
    "memory_usage_mb": -62.433494567871094,
    "peak_memory_mb": -62.4194393157959,
    "iterations": 1000,
    "timestamp": 1758384285.7862232,
    "success": true,
    "error_message": null
  },
  "model_validation": {
    "function_name": "model_validation",
    "execution_time": 0.00043392181396484375,
    "memory_usage_mb": -62.590965270996094,
    "peak_memory_mb": -62.59077835083008,
    "iterations": 500,
    "timestamp": 1758384285.873257,
    "success": true,
    "error_message": null
  },
  "model_creation_memory": {
    "function_name": "model_creation_memory",
    "execution_time": 0.02747178077697754,
    "memory_usage_mb": -62.5888671875,
    "peak_memory_mb": -62.5853214263916,
    "iterations": 1000,
    "timestamp": 1758384285.8924642,
    "success": true,
    "error_message": null
  },
  "serialization_memory": {
    "function_name": "serialization_memory",
    "execution_time": 0.013759136199951172,
    "memory_usage_mb": -62.52030658721924,
    "peak_memory_mb": -62.503432273864746,
    "iterations": 500,
    "timestamp": 1758384285.945011,
    "success": true,
    "error_message": null
  }
}